{"data":{"inputMin":[-1.6949152946472168,-1.4814814329147339,0,-1.5151515007019043,-47.45762634277344,-21.212121963500977,-38.98305130004883,-19.696969985961914,-91.52542114257812,-91.5662612915039,-89.83050537109375,-90.36144256591797,-110.16949462890625,-166.2650604248047,-108.47457885742188,-162.65060424804688,-118.6440658569336,-142.16867065429688,-120.33898162841797,-148.19276428222656,-117.33333587646484,-22.891565322875977,-114.66666412353516,-25.301204681396484,-120,13.253011703491211,-120,14.457831382751465,-108,-63.85542297363281,-112,-57.83132553100586,-88,-165.06024169921875,-92,-162.65060424804688,-60,-108.4337387084961,-70.66666412353516,-119.27710723876953,-25.33333396911621,19.277109146118164,-38.095237731933594,20.4819278717041,-28.148147583007812,-143.3734893798828,-20.740739822387695,-138.55421447753906,-62.22222137451172,-90.36144256591797,-59.25925827026367,-103.61445617675781,-84.44444274902344,-8.433734893798828,-80,-3.614457845687866,-99.25926208496094,-144.57830810546875,-96.29629516601562,-138.55421447753906,-102.22222137451172,-16.867469787597656,-102.22222137451172,-27.710844039916992,-90.37036895751953,-53.012046813964844,-93.33333587646484,-36.14457702636719,-65.18518829345703,-144.57830810546875,-71.11111450195312,-148.19276428222656,-38.51852035522461,-79.51807403564453,-47.407405853271484,-97.59036254882812,-35.59321975708008,-32.530120849609375,-33.8983039855957,-17.77777862548828],"inputMax":[1.5151515007019043,1.3698630332946777,3.0303030014038086,0,128.91566467285156,40.74074172973633,122.89156341552734,32.876712799072266,156.6265106201172,76.71232604980469,156.6265106201172,72.83950805664062,124.44444274902344,115.06849670410156,114.68531799316406,105.47945404052734,155.2447509765625,154.79452514648438,152.59259033203125,143.8356170654297,193.00698852539062,193.1506805419922,191.6083984375,191.78082275390625,200,198.7654266357422,200,198.7654266357422,200,198.7654266357422,200,198.7654266357422,198.6013946533203,200,198.6013946533203,198.7654266357422,195.80419921875,198.7654266357422,195.80419921875,198.7654266357422,200,200,200,200,200,200,200,200,200,200,200,198.48484802246094,198.7341766357422,193.46405029296875,198.7341766357422,193.46405029296875,198.7341766357422,193.46405029296875,198.7341766357422,193.46405029296875,197.54600524902344,188.23529052734375,197.54600524902344,189.54248046875,172.28915405273438,152.4475555419922,175.4601287841797,155.2447509765625,119.01840209960938,109.09091186523438,123.92638397216797,111.88811492919922,167.46987915039062,71.32867431640625,163.8554229736328,75.8169937133789,36.809814453125,33.9869270324707,44.17177963256836,39.2156867980957],"outputMin":0,"outputMax":1},"meta":{"inputUnits":80,"outputUnits":2,"inputs":{"input0":{"dtype":"number"},"input1":{"dtype":"number"},"input2":{"dtype":"number"},"input3":{"dtype":"number"},"input4":{"dtype":"number"},"input5":{"dtype":"number"},"input6":{"dtype":"number"},"input7":{"dtype":"number"},"input8":{"dtype":"number"},"input9":{"dtype":"number"},"input10":{"dtype":"number"},"input11":{"dtype":"number"},"input12":{"dtype":"number"},"input13":{"dtype":"number"},"input14":{"dtype":"number"},"input15":{"dtype":"number"},"input16":{"dtype":"number"},"input17":{"dtype":"number"},"input18":{"dtype":"number"},"input19":{"dtype":"number"},"input20":{"dtype":"number"},"input21":{"dtype":"number"},"input22":{"dtype":"number"},"input23":{"dtype":"number"},"input24":{"dtype":"number"},"input25":{"dtype":"number"},"input26":{"dtype":"number"},"input27":{"dtype":"number"},"input28":{"dtype":"number"},"input29":{"dtype":"number"},"input30":{"dtype":"number"},"input31":{"dtype":"number"},"input32":{"dtype":"number"},"input33":{"dtype":"number"},"input34":{"dtype":"number"},"input35":{"dtype":"number"},"input36":{"dtype":"number"},"input37":{"dtype":"number"},"input38":{"dtype":"number"},"input39":{"dtype":"number"},"input40":{"dtype":"number"},"input41":{"dtype":"number"},"input42":{"dtype":"number"},"input43":{"dtype":"number"},"input44":{"dtype":"number"},"input45":{"dtype":"number"},"input46":{"dtype":"number"},"input47":{"dtype":"number"},"input48":{"dtype":"number"},"input49":{"dtype":"number"},"input50":{"dtype":"number"},"input51":{"dtype":"number"},"input52":{"dtype":"number"},"input53":{"dtype":"number"},"input54":{"dtype":"number"},"input55":{"dtype":"number"},"input56":{"dtype":"number"},"input57":{"dtype":"number"},"input58":{"dtype":"number"},"input59":{"dtype":"number"},"input60":{"dtype":"number"},"input61":{"dtype":"number"},"input62":{"dtype":"number"},"input63":{"dtype":"number"},"input64":{"dtype":"number"},"input65":{"dtype":"number"},"input66":{"dtype":"number"},"input67":{"dtype":"number"},"input68":{"dtype":"number"},"input69":{"dtype":"number"},"input70":{"dtype":"number"},"input71":{"dtype":"number"},"input72":{"dtype":"number"},"input73":{"dtype":"number"},"input74":{"dtype":"number"},"input75":{"dtype":"number"},"input76":{"dtype":"number"},"input77":{"dtype":"number"},"input78":{"dtype":"number"},"input79":{"dtype":"number"}},"outputs":{"label":{"dtype":"string","uniqueValues":["Ellipse","Rect"],"legend":{"Ellipse":[1,0],"Rect":[0,1]}}},"isNormalized":true}}